p, BER_min, BER_avg, BER_max
0, 0, 0, 0
0.005, 8e-06, 1e-05, 1e-05
0.01, 3.9e-05, 4.5e-05, 4.5e-05
0.015, 0.000156, 0.000162, 0.000165
0.02, 0.000361, 0.000373, 0.000384
0.025, 0.000849, 0.00087, 0.000876
0.03, 0.001541, 0.001558, 0.001578
0.035, 0.002586, 0.002598, 0.002664
0.04, 0.003911, 0.003917, 0.004022
0.045, 0.005582, 0.005591, 0.005646
0.05, 0.007761, 0.007783, 0.007886
0.055, 0.010552, 0.010588, 0.010709
0.06, 0.013993, 0.01414, 0.014156
0.065, 0.018222, 0.018281, 0.018366
0.07, 0.022915, 0.023048, 0.023072
0.075, 0.028454, 0.028483, 0.028652
0.08, 0.034405, 0.034432, 0.034608
0.085, 0.041522, 0.041542, 0.041966
0.09, 0.049035, 0.049254, 0.049318
0.095, 0.05743, 0.057578, 0.057727
